,name,latitude,longitude
0,Science Park/West End,42.366664,-71.067666
1,Boylston,42.353214,-71.064545
2,Quincy Center,42.251809,-71.005409
3,Dean Road,42.337807,-71.141753
4,Copley,42.350126,-71.077376
5,JFK/UMass,42.320434,-71.052215
6,Boston University Central,42.350013,-71.106902
7,Milton,42.270308,-71.067289
8,Saint Paul Street,42.343118,-71.117498
9,Symphony,42.342687,-71.085056
10,Fields Corner,42.299935,-71.061945
11,Griggs Street,42.348919,-71.134305
12,Haymarket,42.363021,-71.05829
13,Chestnut Hill Avenue,42.33873,-71.152526
14,Beaconsfield,42.335625,-71.140112
15,Downtown Crossing,42.355518,-71.060225
16,Kenmore,42.348949,-71.095169
17,Government Center,42.359705,-71.059215
18,Bowdoin,42.361365,-71.062037
19,Englewood Avenue,42.336964,-71.145867
20,Riverside,42.337317,-71.252256
21,Mattapan,42.267559,-71.092233
22,Woodland,42.332703,-71.243055
23,Sullivan Square,42.383975,-71.076994
24,Northeastern University,42.339897,-71.09021
25,Mattapan,42.267625,-71.092389
26,Park Street,42.3563946,-71.0624242
27,Savin Hill,42.310603,-71.053678
28,Valley Road,42.268347,-71.081343
29,Medford/Tufts,42.408306,-71.11728
30,Waban,42.325695,-71.230476
31,Amory Street,42.350901,-71.114318
32,Wood Island,42.379671,-71.022783
33,Reservoir,42.335163,-71.148601
34,Community College,42.373622,-71.069533
35,Chinatown,42.352547,-71.062752
36,Blandford Street,42.349276,-71.100213
37,Suffolk Downs,42.390422,-70.997323
38,Braintree,42.207424,-71.001645
39,South Street,42.339581,-71.157499
40,Englewood Avenue,42.337011,-71.145368
41,Hynes Convention Center,42.347888,-71.087903
42,Jackson Square,42.323132,-71.099592
43,Aquarium,42.359784,-71.051652
44,Central,42.365379,-71.103554
45,Revere Beach,42.407874,-70.992497
46,Central Avenue,42.270001,-71.073358
47,Woodland,42.333094,-71.243659
48,North Quincy,42.275802,-71.030144
49,Green Street,42.309832,-71.108059
50,Beachmont,42.397219,-70.992647
51,Ashmont,42.283768,-71.063191
52,Roxbury Crossing,42.33064,-71.09604
53,Back of the Hill,42.329399,-71.110931
54,Boston College,42.34024,-71.166849
55,Wollaston,42.266762,-71.020542
56,Babcock Street,42.351695,-71.120257
57,Bowdoin,42.361365,-71.062037
58,North Station,42.36528,-71.060205
59,Maverick,42.3691186,-71.0395296
60,Community College,42.373622,-71.069533
61,Ashmont,42.28453,-71.063725
62,Babcock Street,42.351538,-71.119553
63,Brookline Hills,42.331413,-71.127025
64,Ball Square,42.40038,-71.111331
65,Revere Beach,42.40776,-70.992586
66,Assembly,42.392331,-71.077262
67,South Station,42.352271,-71.055242
68,East Somerville,42.379624,-71.086829
69,Park Street,42.3563946,-71.0624242
70,Beachmont,42.397204,-70.992551
71,JFK/UMass,42.320632,-71.052514
72,Park Street,42.3563946,-71.0624242
73,Kendall/MIT,42.362355,-71.085605
74,Boston University Central,42.350148,-71.107455
75,Valley Road,42.268389,-71.081504
76,Medford/Tufts,42.40828,-71.117339
77,Tufts Medical Center,42.349662,-71.063917
78,Museum of Fine Arts,42.338017,-71.094682
79,Quincy Adams,42.233391,-71.007153
80,Porter,42.3884,-71.119149
81,Eliot,42.319214,-71.216949
82,East Somerville,42.379881,-71.087032
83,Boston University East,42.349659,-71.103989
84,Downtown Crossing,42.355518,-71.060225
85,Orient Heights,42.386842,-71.004767
86,Heath Street,42.328316,-71.110252
87,Sullivan Square,42.383975,-71.076994
88,South Station,42.352271,-71.055242
89,Chestnut Hill,42.326799,-71.164146
90,Prudential,42.34557,-71.081696
91,Butler,42.272477,-71.062438
92,Riverside,42.337348,-71.252236
93,Coolidge Corner,42.342274,-71.120915
94,Hawes Street,42.344758,-71.111761
95,Brandon Hall,42.340053,-71.128869
96,Gilman Square,42.388043,-71.096956
97,Assembly,42.392336,-71.07718
98,Blandford Street,42.349165,-71.099821
99,State,42.358978,-71.057598
100,JFK/UMass,42.320637,-71.052473
101,Boston University East,42.349811,-71.104657
102,Fields Corner,42.299993,-71.062021
103,Ruggles,42.336451,-71.089635
104,Prudential,42.34557,-71.081696
105,Government Center,42.359705,-71.059215
106,Cedar Grove,42.279693,-71.060381
107,Ball Square,42.400103,-71.111207
108,Mission Park,42.333092,-71.10968
109,Arlington,42.351902,-71.070893
110,Museum of Fine Arts,42.337875,-71.09524
111,Kenmore,42.348949,-71.095169
112,Haymarket,42.363021,-71.05829
113,Fenway,42.345029,-71.104968
114,Malden Center,42.426677,-71.074381
115,Boston College,42.340149,-71.167029
116,Chinatown,42.352547,-71.062752
117,Tufts Medical Center,42.349662,-71.063917
118,State,42.358978,-71.057598
119,Warren Street,42.348285,-71.140436
120,Allston Street,42.348546,-71.137362
121,Allston Street,42.348649,-71.137881
122,Newton Highlands,42.322738,-71.205082
123,Aquarium,42.359784,-71.051652
124,Symphony,42.342687,-71.085056
125,Kenmore,42.348949,-71.095169
126,Brigham Circle,42.334846,-71.103017
127,Longwood,42.341808,-71.109777
128,Quincy Adams,42.233391,-71.007153
129,Maverick,42.3691186,-71.0395296
130,Haymarket,42.363021,-71.05829
131,Ruggles,42.33649,-71.089684
132,Broadway,42.342622,-71.056967
133,State,42.358978,-71.057598
134,Back of the Hill,42.329369,-71.111046
135,Jackson Square,42.323132,-71.099592
136,Back Bay,42.34735,-71.075727
137,Gilman Square,42.387831,-71.096629
138,Wellington,42.401507,-71.07715
139,Mission Park,42.333279,-71.109276
140,Orient Heights,42.386909,-71.004809
141,Brookline Hills,42.331293,-71.126406
142,Harvard Avenue,42.350263,-71.131298
143,Harvard,42.374663,-71.118814
144,Northeastern University,42.340222,-71.0892
145,Newton Highlands,42.32253,-71.205421
146,Cleveland Circle,42.336252,-71.148774
147,Dean Road,42.337628,-71.142309
148,Brookline Village,42.33257,-71.117041
149,Kent Street,42.343927,-71.114569
150,Magoun Square,42.39405,-71.106688
151,Massachusetts Avenue,42.340927,-71.084188
152,Saint Mary's Street,42.345884,-71.107697
153,Ashmont,42.284508,-71.063833
154,Waban,42.325967,-71.230714
155,Airport,42.374262,-71.030395
156,Porter,42.3884,-71.119149
157,Chiswick Road,42.340808,-71.150633
158,Harvard,42.374663,-71.118814
159,Coolidge Corner,42.342028,-71.121685
160,Back Bay,42.34735,-71.075727
161,Savin Hill,42.310591,-71.053612
162,Sutherland Road,42.341589,-71.146089
163,Harvard Avenue,42.350602,-71.130727
164,Longwood,42.341571,-71.110147
165,Union Square,42.377024,-71.093964
166,Davis,42.39674,-71.121815
167,Magoun Square,42.394357,-71.106824
168,Washington Street,42.344329,-71.142385
169,Riverway,42.331871,-71.111961
170,Davis,42.39674,-71.121815
171,Reservoir,42.335181,-71.147879
172,Wollaston,42.266788,-71.020457
173,Malden Center,42.426662,-71.074314
174,Government Center,42.359705,-71.059215
175,Chiswick Road,42.34054,-71.15114
176,Warren Street,42.348819,-71.140051
177,Kendall/MIT,42.362434,-71.085591
178,Shawmut,42.2931258,-71.065738
179,Chestnut Hill,42.326782,-71.16478
180,Kent Street,42.344117,-71.114097
181,JFK/UMass,42.320418,-71.052287
182,Airport,42.374262,-71.030395
183,Charles/MGH,42.361187,-71.071505
184,Shawmut,42.2931258,-71.065738
185,Summit Avenue,42.34112,-71.125652
186,Fenwood Road,42.33374,-71.105721
187,Downtown Crossing,42.355518,-71.060225
188,Cedar Grove,42.279546,-71.060392
189,Beaconsfield,42.335912,-71.140903
190,Washington Street,42.343974,-71.142731
191,Milton,42.270388,-71.067253
192,Lechmere,42.371566,-71.076457
193,Wonderland,42.413361,-70.991685
194,Suffolk Downs,42.39061,-70.99703
195,Brigham Circle,42.334331,-71.104487
196,Stony Brook,42.317062,-71.104248
197,Newton Centre,42.329552,-71.192024
198,North Station,42.36528,-71.060205
199,Green Street,42.309796,-71.107988
200,Science Park/West End,42.366664,-71.067666
201,Massachusetts Avenue,42.340892,-71.084124
202,Wonderland,42.413514,-70.991714
203,Kenmore,42.348949,-71.095169
204,Packard's Corner,42.351651,-71.12551
205,Sutherland Road,42.341577,-71.146607
206,Stony Brook,42.317062,-71.104248
207,State,42.358978,-71.057598
208,Longwood Medical Area,42.336217,-71.099328
209,Alewife,42.396148,-71.140698
210,Roxbury Crossing,42.330671,-71.096121
211,Arlington,42.351902,-71.070893
212,Forest Hills,42.300926,-71.114129
213,Longwood Medical Area,42.33608,-71.099883
214,Andrew,42.330154,-71.057655
215,Park Street,42.3563946,-71.0624242
216,Summit Avenue,42.341027,-71.125759
217,Union Square,42.37699,-71.093993
218,Park Street,42.3563946,-71.0624242
219,Saint Mary's Street,42.346007,-71.107166
220,Haymarket,42.363021,-71.05829
221,Wellington,42.401505,-71.077252
222,Park Street,42.3563946,-71.0624242
223,Eliot,42.318871,-71.21642
224,Government Center,42.359705,-71.059215
225,Washington Square,42.339519,-71.134587
226,Quincy Center,42.251809,-71.005409
227,Tappan Street,42.338498,-71.138731
228,North Quincy,42.27577,-71.030194
229,Downtown Crossing,42.355518,-71.060225
230,North Station,42.36528,-71.060205
231,Broadway,42.342622,-71.056967
232,Saint Paul Street,42.34334,-71.116927
233,Central,42.365304,-71.103621
234,Hawes Street,42.344867,-71.111157
235,Brookline Village,42.332614,-71.116751
236,Fenwood Road,42.333706,-71.105583
237,Charles/MGH,42.361263,-71.071602
238,Amory Street,42.351066,-71.115027
239,Tappan Street,42.338567,-71.13819
240,Oak Grove,42.437735,-71.070875
241,Riverway,42.331391,-71.111925
242,Park Street,42.3563946,-71.0624242
243,South Street,42.339371,-71.157057
244,Butler,42.272449,-71.062513
245,Wood Island,42.37974,-71.022818
246,Andrew,42.330154,-71.057655
247,Capen Street,42.267563,-71.087338
248,Fenway,42.345328,-71.104269
249,Cleveland Circle,42.336216,-71.149201
250,Copley,42.349871,-71.078049
251,Newton Centre,42.3294,-71.192622
252,Fairbanks Street,42.339644,-71.131078
253,Chestnut Hill Avenue,42.33829,-71.153025
254,Griggs Street,42.348747,-71.1345
255,Central Avenue,42.270054,-71.073523
256,Packard's Corner,42.351891,-71.125067
257,Lechmere,42.370989,-71.07586
258,Hynes Convention Center,42.347888,-71.087903
259,Capen Street,42.267589,-71.087139
260,Washington Square,42.339471,-71.135139
261,North Station,42.36528,-71.060205
262,Fairbanks Street,42.33969,-71.131228
263,Boylston,42.352531,-71.064682
264,Brandon Hall,42.340038,-71.12866
